POS,REF,ALT,GENE,REF_CODON,REF_AA,ALT_CODON,ALT_AA,DAY,REF_POS_ALT,EFFECT,CODON_NUMBER,GENE_CODON_AA
241,C,T,,,,,,113,C-241-T,noncoding,,
241,C,T,,,,,,124,C-241-T,noncoding,,
241,C,T,,,,,,131,C-241-T,noncoding,,
241,C,T,,,,,,159,C-241-T,noncoding,,
241,C,T,,,,,,198,C-241-T,noncoding,,
241,C,T,,,,,,297,C-241-T,noncoding,,
241,C,T,,,,,,333,C-241-T,noncoding,,
241,C,T,,,,,,388,C-241-T,noncoding,,
241,C,T,,,,,,415,C-241-T,noncoding,,
241,C,T,,,,,,417,C-241-T,noncoding,,
241,C,T,,,,,,482,C-241-T,noncoding,,
241,C,T,,,,,,486,C-241-T,noncoding,,
1059,C,T,orf1ab,ACC,T,ATC,I,113,C-1059-T,nonsynonymous,265,orf1ab T265I
1059,C,T,orf1ab,ACC,T,ATC,I,124,C-1059-T,nonsynonymous,265,orf1ab T265I
1059,C,T,orf1ab,ACC,T,ATC,I,131,C-1059-T,nonsynonymous,265,orf1ab T265I
1059,C,T,orf1ab,ACC,T,ATC,I,159,C-1059-T,nonsynonymous,265,orf1ab T265I
1059,C,T,orf1ab,ACC,T,ATC,I,198,C-1059-T,nonsynonymous,265,orf1ab T265I
1059,C,T,orf1ab,ACC,T,ATC,I,297,C-1059-T,nonsynonymous,265,orf1ab T265I
1059,C,T,orf1ab,ACC,T,ATC,I,333,C-1059-T,nonsynonymous,265,orf1ab T265I
1059,C,T,orf1ab,ACC,T,ATC,I,388,C-1059-T,nonsynonymous,265,orf1ab T265I
1059,C,T,orf1ab,ACC,T,ATC,I,415,C-1059-T,nonsynonymous,265,orf1ab T265I
1059,C,T,orf1ab,ACC,T,ATC,I,417,C-1059-T,nonsynonymous,265,orf1ab T265I
1059,C,T,orf1ab,ACC,T,ATC,I,482,C-1059-T,nonsynonymous,265,orf1ab T265I
1059,C,T,orf1ab,ACC,T,ATC,I,486,C-1059-T,nonsynonymous,265,orf1ab T265I
1389,A,G,orf1ab,AAT,N,AGT,S,388,A-1389-G,nonsynonymous,375,orf1ab N375S
1389,A,G,orf1ab,AAT,N,AGT,S,415,A-1389-G,nonsynonymous,375,orf1ab N375S
1389,A,G,orf1ab,AAT,N,AGT,S,417,A-1389-G,nonsynonymous,375,orf1ab N375S
1389,A,G,orf1ab,AAT,N,AGT,S,482,A-1389-G,nonsynonymous,375,orf1ab N375S
1389,A,G,orf1ab,AAT,N,AGT,S,486,A-1389-G,nonsynonymous,375,orf1ab N375S
1636,G,A,orf1ab,GAG,E,GAA,E,415,G-1636-A,synonymous,457,orf1ab E457E
1636,G,A,orf1ab,GAG,E,GAA,E,417,G-1636-A,synonymous,457,orf1ab E457E
1636,G,A,orf1ab,GAG,E,GAA,E,482,G-1636-A,synonymous,457,orf1ab E457E
1636,G,A,orf1ab,GAG,E,GAA,E,486,G-1636-A,synonymous,457,orf1ab E457E
1942,G,T,orf1ab,GTG,V,GTT,V,113,G-1942-T,synonymous,559,orf1ab V559V
1942,G,T,orf1ab,GTG,V,GTT,V,124,G-1942-T,synonymous,559,orf1ab V559V
1942,G,T,orf1ab,GTG,V,GTT,V,131,G-1942-T,synonymous,559,orf1ab V559V
1942,G,T,orf1ab,GTG,V,GTT,V,159,G-1942-T,synonymous,559,orf1ab V559V
1942,G,T,orf1ab,GTG,V,GTT,V,333,G-1942-T,synonymous,559,orf1ab V559V
1942,G,T,orf1ab,GTG,V,GTT,V,388,G-1942-T,synonymous,559,orf1ab V559V
1942,G,T,orf1ab,GTG,V,GTT,V,415,G-1942-T,synonymous,559,orf1ab V559V
1942,G,T,orf1ab,GTG,V,GTT,V,417,G-1942-T,synonymous,559,orf1ab V559V
1942,G,T,orf1ab,GTG,V,GTT,V,482,G-1942-T,synonymous,559,orf1ab V559V
1942,G,T,orf1ab,GTG,V,GTT,V,486,G-1942-T,synonymous,559,orf1ab V559V
2890,G,T,orf1ab,GTG,V,GTT,V,297,G-2890-T,synonymous,875,orf1ab V875V
2890,G,T,orf1ab,GTG,V,GTT,V,333,G-2890-T,synonymous,875,orf1ab V875V
3037,C,T,orf1ab,TTC,F,TTT,F,113,C-3037-T,synonymous,924,orf1ab F924F
3037,C,T,orf1ab,TTC,F,TTT,F,124,C-3037-T,synonymous,924,orf1ab F924F
3037,C,T,orf1ab,TTC,F,TTT,F,131,C-3037-T,synonymous,924,orf1ab F924F
3037,C,T,orf1ab,TTC,F,TTT,F,159,C-3037-T,synonymous,924,orf1ab F924F
3037,C,T,orf1ab,TTC,F,TTT,F,198,C-3037-T,synonymous,924,orf1ab F924F
3037,C,T,orf1ab,TTC,F,TTT,F,297,C-3037-T,synonymous,924,orf1ab F924F
3037,C,T,orf1ab,TTC,F,TTT,F,333,C-3037-T,synonymous,924,orf1ab F924F
3037,C,T,orf1ab,TTC,F,TTT,F,388,C-3037-T,synonymous,924,orf1ab F924F
3037,C,T,orf1ab,TTC,F,TTT,F,415,C-3037-T,synonymous,924,orf1ab F924F
3037,C,T,orf1ab,TTC,F,TTT,F,417,C-3037-T,synonymous,924,orf1ab F924F
3037,C,T,orf1ab,TTC,F,TTT,F,482,C-3037-T,synonymous,924,orf1ab F924F
3037,C,T,orf1ab,TTC,F,TTT,F,486,C-3037-T,synonymous,924,orf1ab F924F
3431,G,T,orf1ab,GTG,V,TTG,L,333,G-3431-T,nonsynonymous,1056,orf1ab V1056L
4096,T,C,orf1ab,ACT,T,ACC,T,297,T-4096-C,synonymous,1277,orf1ab T1277T
4096,T,C,orf1ab,ACT,T,ACC,T,333,T-4096-C,synonymous,1277,orf1ab T1277T
4379,T,G,orf1ab,TCT,S,GCT,A,297,T-4379-G,nonsynonymous,1372,orf1ab S1372A
4379,T,G,orf1ab,TCT,S,GCT,A,333,T-4379-G,nonsynonymous,1372,orf1ab S1372A
4379,T,G,orf1ab,TCT,S,GCT,A,388,T-4379-G,nonsynonymous,1372,orf1ab S1372A
4379,T,G,orf1ab,TCT,S,GCT,A,415,T-4379-G,nonsynonymous,1372,orf1ab S1372A
4379,T,G,orf1ab,TCT,S,GCT,A,417,T-4379-G,nonsynonymous,1372,orf1ab S1372A
4379,T,G,orf1ab,TCT,S,GCT,A,482,T-4379-G,nonsynonymous,1372,orf1ab S1372A
4379,T,G,orf1ab,TCT,S,GCT,A,486,T-4379-G,nonsynonymous,1372,orf1ab S1372A
4855,A,G,orf1ab,AGA,R,AGG,R,333,A-4855-G,synonymous,1530,orf1ab R1530R
5391,A,G,orf1ab,AAC,N,AGC,S,113,A-5391-G,nonsynonymous,1709,orf1ab N1709S
5391,A,G,orf1ab,AAC,N,AGC,S,124,A-5391-G,nonsynonymous,1709,orf1ab N1709S
5391,A,G,orf1ab,AAC,N,AGC,S,131,A-5391-G,nonsynonymous,1709,orf1ab N1709S
5391,A,G,orf1ab,AAC,N,AGC,S,159,A-5391-G,nonsynonymous,1709,orf1ab N1709S
5391,A,G,orf1ab,AAC,N,AGC,S,198,A-5391-G,nonsynonymous,1709,orf1ab N1709S
5391,A,G,orf1ab,AAC,N,AGC,S,297,A-5391-G,nonsynonymous,1709,orf1ab N1709S
5391,A,G,orf1ab,AAC,N,AGC,S,333,A-5391-G,nonsynonymous,1709,orf1ab N1709S
5391,A,G,orf1ab,AAC,N,AGC,S,388,A-5391-G,nonsynonymous,1709,orf1ab N1709S
5391,A,G,orf1ab,AAC,N,AGC,S,415,A-5391-G,nonsynonymous,1709,orf1ab N1709S
5391,A,G,orf1ab,AAC,N,AGC,S,417,A-5391-G,nonsynonymous,1709,orf1ab N1709S
5391,A,G,orf1ab,AAC,N,AGC,S,482,A-5391-G,nonsynonymous,1709,orf1ab N1709S
5391,A,G,orf1ab,AAC,N,AGC,S,486,A-5391-G,nonsynonymous,1709,orf1ab N1709S
5648,A,C,orf1ab,AAA,K,CAA,Q,388,A-5648-C,nonsynonymous,1795,orf1ab K1795Q
5648,A,C,orf1ab,AAA,K,CAA,Q,415,A-5648-C,nonsynonymous,1795,orf1ab K1795Q
5648,A,C,orf1ab,AAA,K,CAA,Q,417,A-5648-C,nonsynonymous,1795,orf1ab K1795Q
5648,A,C,orf1ab,AAA,K,CAA,Q,482,A-5648-C,nonsynonymous,1795,orf1ab K1795Q
5648,A,C,orf1ab,AAA,K,CAA,Q,486,A-5648-C,nonsynonymous,1795,orf1ab K1795Q
7264,T,C,orf1ab,CTT,L,CTC,L,388,T-7264-C,synonymous,2333,orf1ab L2333L
7264,T,C,orf1ab,CTT,L,CTC,L,415,T-7264-C,synonymous,2333,orf1ab L2333L
7264,T,C,orf1ab,CTT,L,CTC,L,417,T-7264-C,synonymous,2333,orf1ab L2333L
7264,T,C,orf1ab,CTT,L,CTC,L,482,T-7264-C,synonymous,2333,orf1ab L2333L
7264,T,C,orf1ab,CTT,L,CTC,L,486,T-7264-C,synonymous,2333,orf1ab L2333L
7317,T,C,orf1ab,TTC,F,TCC,S,297,T-7317-C,nonsynonymous,2351,orf1ab F2351S
7317,T,C,orf1ab,TTC,F,TCC,S,333,T-7317-C,nonsynonymous,2351,orf1ab F2351S
8083,G,A,orf1ab,ATG,M,ATA,I,113,G-8083-A,nonsynonymous,2606,orf1ab M2606I
8083,G,A,orf1ab,ATG,M,ATA,I,124,G-8083-A,nonsynonymous,2606,orf1ab M2606I
8083,G,A,orf1ab,ATG,M,ATA,I,131,G-8083-A,nonsynonymous,2606,orf1ab M2606I
8083,G,A,orf1ab,ATG,M,ATA,I,159,G-8083-A,nonsynonymous,2606,orf1ab M2606I
8083,G,A,orf1ab,ATG,M,ATA,I,198,G-8083-A,nonsynonymous,2606,orf1ab M2606I
8083,G,A,orf1ab,ATG,M,ATA,I,297,G-8083-A,nonsynonymous,2606,orf1ab M2606I
8083,G,A,orf1ab,ATG,M,ATA,I,333,G-8083-A,nonsynonymous,2606,orf1ab M2606I
8083,G,A,orf1ab,ATG,M,ATA,I,388,G-8083-A,nonsynonymous,2606,orf1ab M2606I
8083,G,A,orf1ab,ATG,M,ATA,I,415,G-8083-A,nonsynonymous,2606,orf1ab M2606I
8083,G,A,orf1ab,ATG,M,ATA,I,417,G-8083-A,nonsynonymous,2606,orf1ab M2606I
8083,G,A,orf1ab,ATG,M,ATA,I,482,G-8083-A,nonsynonymous,2606,orf1ab M2606I
8083,G,A,orf1ab,ATG,M,ATA,I,486,G-8083-A,nonsynonymous,2606,orf1ab M2606I
9085,A,G,orf1ab,GAA,E,GAG,E,113,A-9085-G,synonymous,2940,orf1ab E2940E
9085,A,G,orf1ab,GAA,E,GAG,E,124,A-9085-G,synonymous,2940,orf1ab E2940E
9085,A,G,orf1ab,GAA,E,GAG,E,131,A-9085-G,synonymous,2940,orf1ab E2940E
9085,A,G,orf1ab,GAA,E,GAG,E,159,A-9085-G,synonymous,2940,orf1ab E2940E
9085,A,G,orf1ab,GAA,E,GAG,E,198,A-9085-G,synonymous,2940,orf1ab E2940E
9085,A,G,orf1ab,GAA,E,GAG,E,297,A-9085-G,synonymous,2940,orf1ab E2940E
9085,A,G,orf1ab,GAA,E,GAG,E,333,A-9085-G,synonymous,2940,orf1ab E2940E
9085,A,G,orf1ab,GAA,E,GAG,E,388,A-9085-G,synonymous,2940,orf1ab E2940E
9085,A,G,orf1ab,GAA,E,GAG,E,415,A-9085-G,synonymous,2940,orf1ab E2940E
9085,A,G,orf1ab,GAA,E,GAG,E,417,A-9085-G,synonymous,2940,orf1ab E2940E
9085,A,G,orf1ab,GAA,E,GAG,E,482,A-9085-G,synonymous,2940,orf1ab E2940E
9085,A,G,orf1ab,GAA,E,GAG,E,486,A-9085-G,synonymous,2940,orf1ab E2940E
10319,C,T,orf1ab,CTT,L,TTT,F,113,C-10319-T,nonsynonymous,3352,orf1ab L3352F
10319,C,T,orf1ab,CTT,L,TTT,F,124,C-10319-T,nonsynonymous,3352,orf1ab L3352F
10319,C,T,orf1ab,CTT,L,TTT,F,131,C-10319-T,nonsynonymous,3352,orf1ab L3352F
10319,C,T,orf1ab,CTT,L,TTT,F,159,C-10319-T,nonsynonymous,3352,orf1ab L3352F
10319,C,T,orf1ab,CTT,L,TTT,F,198,C-10319-T,nonsynonymous,3352,orf1ab L3352F
10319,C,T,orf1ab,CTT,L,TTT,F,297,C-10319-T,nonsynonymous,3352,orf1ab L3352F
10319,C,T,orf1ab,CTT,L,TTT,F,333,C-10319-T,nonsynonymous,3352,orf1ab L3352F
10319,C,T,orf1ab,CTT,L,TTT,F,388,C-10319-T,nonsynonymous,3352,orf1ab L3352F
10319,C,T,orf1ab,CTT,L,TTT,F,415,C-10319-T,nonsynonymous,3352,orf1ab L3352F
10319,C,T,orf1ab,CTT,L,TTT,F,417,C-10319-T,nonsynonymous,3352,orf1ab L3352F
10319,C,T,orf1ab,CTT,L,TTT,F,482,C-10319-T,nonsynonymous,3352,orf1ab L3352F
10319,C,T,orf1ab,CTT,L,TTT,F,486,C-10319-T,nonsynonymous,3352,orf1ab L3352F
11083,G,T,orf1ab,TTG,L,TTT,F,388,G-11083-T,nonsynonymous,3606,orf1ab L3606F
11083,G,T,orf1ab,TTG,L,TTT,F,415,G-11083-T,nonsynonymous,3606,orf1ab L3606F
11083,G,T,orf1ab,TTG,L,TTT,F,417,G-11083-T,nonsynonymous,3606,orf1ab L3606F
11083,G,T,orf1ab,TTG,L,TTT,F,482,G-11083-T,nonsynonymous,3606,orf1ab L3606F
11083,G,T,orf1ab,TTG,L,TTT,F,486,G-11083-T,nonsynonymous,3606,orf1ab L3606F
11084,T,C,orf1ab,TAT,Y,CAT,H,113,T-11084-C,nonsynonymous,3607,orf1ab Y3607H
11084,T,C,orf1ab,TAT,Y,CAT,H,124,T-11084-C,nonsynonymous,3607,orf1ab Y3607H
11084,T,C,orf1ab,TAT,Y,CAT,H,131,T-11084-C,nonsynonymous,3607,orf1ab Y3607H
11084,T,C,orf1ab,TAT,Y,CAT,H,159,T-11084-C,nonsynonymous,3607,orf1ab Y3607H
11084,T,C,orf1ab,TAT,Y,CAT,H,198,T-11084-C,nonsynonymous,3607,orf1ab Y3607H
11084,T,C,orf1ab,TAT,Y,CAT,H,297,T-11084-C,nonsynonymous,3607,orf1ab Y3607H
11084,T,C,orf1ab,TAT,Y,CAT,H,333,T-11084-C,nonsynonymous,3607,orf1ab Y3607H
11084,T,C,orf1ab,TAT,Y,CAT,H,388,T-11084-C,nonsynonymous,3607,orf1ab Y3607H
11084,T,C,orf1ab,TAT,Y,CAT,H,415,T-11084-C,nonsynonymous,3607,orf1ab Y3607H
11084,T,C,orf1ab,TAT,Y,CAT,H,417,T-11084-C,nonsynonymous,3607,orf1ab Y3607H
11084,T,C,orf1ab,TAT,Y,CAT,H,482,T-11084-C,nonsynonymous,3607,orf1ab Y3607H
11084,T,C,orf1ab,TAT,Y,CAT,H,486,T-11084-C,nonsynonymous,3607,orf1ab Y3607H
12569,G,A,orf1ab,GTA,V,ATA,I,131,G-12569-A,nonsynonymous,4102,orf1ab V4102I
12569,G,A,orf1ab,GTA,V,ATA,I,198,G-12569-A,nonsynonymous,4102,orf1ab V4102I
12569,G,A,orf1ab,GTA,V,ATA,I,297,G-12569-A,nonsynonymous,4102,orf1ab V4102I
12569,G,A,orf1ab,GTA,V,ATA,I,333,G-12569-A,nonsynonymous,4102,orf1ab V4102I
12569,G,A,orf1ab,GTA,V,ATA,I,388,G-12569-A,nonsynonymous,4102,orf1ab V4102I
12569,G,A,orf1ab,GTA,V,ATA,I,415,G-12569-A,nonsynonymous,4102,orf1ab V4102I
12569,G,A,orf1ab,GTA,V,ATA,I,417,G-12569-A,nonsynonymous,4102,orf1ab V4102I
12569,G,A,orf1ab,GTA,V,ATA,I,482,G-12569-A,nonsynonymous,4102,orf1ab V4102I
12569,G,A,orf1ab,GTA,V,ATA,I,486,G-12569-A,nonsynonymous,4102,orf1ab V4102I
14408,C,T,orf1ab,CCT,P,CTT,L,113,C-14408-T,nonsynonymous,4715,orf1ab P4715L
14408,C,T,orf1ab,CCT,P,CTT,L,124,C-14408-T,nonsynonymous,4715,orf1ab P4715L
14408,C,T,orf1ab,CCT,P,CTT,L,131,C-14408-T,nonsynonymous,4715,orf1ab P4715L
14408,C,T,orf1ab,CCT,P,CTT,L,159,C-14408-T,nonsynonymous,4715,orf1ab P4715L
14408,C,T,orf1ab,CCT,P,CTT,L,198,C-14408-T,nonsynonymous,4715,orf1ab P4715L
14408,C,T,orf1ab,CCT,P,CTT,L,297,C-14408-T,nonsynonymous,4715,orf1ab P4715L
14408,C,T,orf1ab,CCT,P,CTT,L,333,C-14408-T,nonsynonymous,4715,orf1ab P4715L
14408,C,T,orf1ab,CCT,P,CTT,L,388,C-14408-T,nonsynonymous,4715,orf1ab P4715L
14408,C,T,orf1ab,CCT,P,CTT,L,415,C-14408-T,nonsynonymous,4715,orf1ab P4715L
14408,C,T,orf1ab,CCT,P,CTT,L,417,C-14408-T,nonsynonymous,4715,orf1ab P4715L
14408,C,T,orf1ab,CCT,P,CTT,L,482,C-14408-T,nonsynonymous,4715,orf1ab P4715L
14408,C,T,orf1ab,CCT,P,CTT,L,486,C-14408-T,nonsynonymous,4715,orf1ab P4715L
14805,C,T,orf1ab,TAC,Y,TAT,Y,113,C-14805-T,synonymous,4847,orf1ab Y4847Y
14805,C,T,orf1ab,TAC,Y,TAT,Y,124,C-14805-T,synonymous,4847,orf1ab Y4847Y
14805,C,T,orf1ab,TAC,Y,TAT,Y,131,C-14805-T,synonymous,4847,orf1ab Y4847Y
14805,C,T,orf1ab,TAC,Y,TAT,Y,159,C-14805-T,synonymous,4847,orf1ab Y4847Y
14805,C,T,orf1ab,TAC,Y,TAT,Y,198,C-14805-T,synonymous,4847,orf1ab Y4847Y
14805,C,T,orf1ab,TAC,Y,TAT,Y,297,C-14805-T,synonymous,4847,orf1ab Y4847Y
14805,C,T,orf1ab,TAC,Y,TAT,Y,333,C-14805-T,synonymous,4847,orf1ab Y4847Y
14805,C,T,orf1ab,TAC,Y,TAT,Y,388,C-14805-T,synonymous,4847,orf1ab Y4847Y
14805,C,T,orf1ab,TAC,Y,TAT,Y,415,C-14805-T,synonymous,4847,orf1ab Y4847Y
14805,C,T,orf1ab,TAC,Y,TAT,Y,417,C-14805-T,synonymous,4847,orf1ab Y4847Y
14805,C,T,orf1ab,TAC,Y,TAT,Y,482,C-14805-T,synonymous,4847,orf1ab Y4847Y
14805,C,T,orf1ab,TAC,Y,TAT,Y,486,C-14805-T,synonymous,4847,orf1ab Y4847Y
15814,G,A,orf1ab,GTT,V,ATT,I,297,G-15814-A,nonsynonymous,5183,orf1ab V5183I
15814,G,A,orf1ab,GTT,V,ATT,I,333,G-15814-A,nonsynonymous,5183,orf1ab V5183I
16376,C,T,orf1ab,CCG,P,CTG,L,388,C-16376-T,nonsynonymous,5371,orf1ab P5371L
16376,C,T,orf1ab,CCG,P,CTG,L,415,C-16376-T,nonsynonymous,5371,orf1ab P5371L
16376,C,T,orf1ab,CCG,P,CTG,L,417,C-16376-T,nonsynonymous,5371,orf1ab P5371L
16376,C,T,orf1ab,CCG,P,CTG,L,482,C-16376-T,nonsynonymous,5371,orf1ab P5371L
16376,C,T,orf1ab,CCG,P,CTG,L,486,C-16376-T,nonsynonymous,5371,orf1ab P5371L
16621,A,G,orf1ab,AGA,R,GGA,G,388,A-16621-G,nonsynonymous,5452,orf1ab R5452G
16621,A,G,orf1ab,AGA,R,GGA,G,415,A-16621-G,nonsynonymous,5452,orf1ab R5452G
16621,A,G,orf1ab,AGA,R,GGA,G,417,A-16621-G,nonsynonymous,5452,orf1ab R5452G
16621,A,G,orf1ab,AGA,R,GGA,G,482,A-16621-G,nonsynonymous,5452,orf1ab R5452G
16621,A,G,orf1ab,AGA,R,GGA,G,486,A-16621-G,nonsynonymous,5452,orf1ab R5452G
16917,G,T,orf1ab,CTG,L,CTT,L,297,G-16917-T,synonymous,5551,orf1ab L5551L
16917,G,T,orf1ab,CTG,L,CTT,L,333,G-16917-T,synonymous,5551,orf1ab L5551L
17940,A,T,orf1ab,GCA,A,GCT,A,297,A-17940-T,synonymous,5892,orf1ab A5892A
17940,A,T,orf1ab,GCA,A,GCT,A,333,A-17940-T,synonymous,5892,orf1ab A5892A
18032,C,A,orf1ab,ACT,T,AAT,N,333,C-18032-A,nonsynonymous,5923,orf1ab T5923N
18424,A,G,orf1ab,AAT,N,GAT,D,113,A-18424-G,nonsynonymous,6053,orf1ab N6053D
18424,A,G,orf1ab,AAT,N,GAT,D,124,A-18424-G,nonsynonymous,6053,orf1ab N6053D
18424,A,G,orf1ab,AAT,N,GAT,D,131,A-18424-G,nonsynonymous,6053,orf1ab N6053D
18424,A,G,orf1ab,AAT,N,GAT,D,159,A-18424-G,nonsynonymous,6053,orf1ab N6053D
18424,A,G,orf1ab,AAT,N,GAT,D,198,A-18424-G,nonsynonymous,6053,orf1ab N6053D
18424,A,G,orf1ab,AAT,N,GAT,D,297,A-18424-G,nonsynonymous,6053,orf1ab N6053D
18424,A,G,orf1ab,AAT,N,GAT,D,333,A-18424-G,nonsynonymous,6053,orf1ab N6053D
18424,A,G,orf1ab,AAT,N,GAT,D,388,A-18424-G,nonsynonymous,6053,orf1ab N6053D
18424,A,G,orf1ab,AAT,N,GAT,D,415,A-18424-G,nonsynonymous,6053,orf1ab N6053D
18424,A,G,orf1ab,AAT,N,GAT,D,417,A-18424-G,nonsynonymous,6053,orf1ab N6053D
18424,A,G,orf1ab,AAT,N,GAT,D,482,A-18424-G,nonsynonymous,6053,orf1ab N6053D
18424,A,G,orf1ab,AAT,N,GAT,D,486,A-18424-G,nonsynonymous,6053,orf1ab N6053D
18555,C,T,orf1ab,GAC,D,GAT,D,297,C-18555-T,synonymous,6097,orf1ab D6097D
18555,C,T,orf1ab,GAC,D,GAT,D,333,C-18555-T,synonymous,6097,orf1ab D6097D
19610,C,T,orf1ab,ACA,T,ATA,I,297,C-19610-T,nonsynonymous,6449,orf1ab T6449I
19610,C,T,orf1ab,ACA,T,ATA,I,333,C-19610-T,nonsynonymous,6449,orf1ab T6449I
19656,G,T,orf1ab,AAG,K,AAT,N,297,G-19656-T,nonsynonymous,6464,orf1ab K6464N
19656,G,T,orf1ab,AAG,K,AAT,N,333,G-19656-T,nonsynonymous,6464,orf1ab K6464N
19983,C,T,orf1ab,GTC,V,GTT,V,333,C-19983-T,synonymous,6573,orf1ab V6573V
21013,C,T,orf1ab,CAT,H,TAT,Y,297,C-21013-T,nonsynonymous,6916,orf1ab H6916Y
21013,C,T,orf1ab,CAT,H,TAT,Y,333,C-21013-T,nonsynonymous,6916,orf1ab H6916Y
21304,C,T,orf1ab,CGC,R,TGC,C,113,C-21304-T,nonsynonymous,7013,orf1ab R7013C
21304,C,T,orf1ab,CGC,R,TGC,C,124,C-21304-T,nonsynonymous,7013,orf1ab R7013C
21304,C,T,orf1ab,CGC,R,TGC,C,131,C-21304-T,nonsynonymous,7013,orf1ab R7013C
21304,C,T,orf1ab,CGC,R,TGC,C,159,C-21304-T,nonsynonymous,7013,orf1ab R7013C
21304,C,T,orf1ab,CGC,R,TGC,C,198,C-21304-T,nonsynonymous,7013,orf1ab R7013C
21304,C,T,orf1ab,CGC,R,TGC,C,333,C-21304-T,nonsynonymous,7013,orf1ab R7013C
21304,C,T,orf1ab,CGC,R,TGC,C,388,C-21304-T,nonsynonymous,7013,orf1ab R7013C
21304,C,T,orf1ab,CGC,R,TGC,C,415,C-21304-T,nonsynonymous,7013,orf1ab R7013C
21304,C,T,orf1ab,CGC,R,TGC,C,417,C-21304-T,nonsynonymous,7013,orf1ab R7013C
21304,C,T,orf1ab,CGC,R,TGC,C,482,C-21304-T,nonsynonymous,7013,orf1ab R7013C
21304,C,T,orf1ab,CGC,R,TGC,C,486,C-21304-T,nonsynonymous,7013,orf1ab R7013C
21617,A,G,S,ACA,T,GCA,A,388,A-21617-G,nonsynonymous,19,S T19A
21617,A,G,S,ACA,T,GCA,A,415,A-21617-G,nonsynonymous,19,S T19A
21617,A,G,S,ACA,T,GCA,A,417,A-21617-G,nonsynonymous,19,S T19A
21617,A,G,S,ACA,T,GCA,A,482,A-21617-G,nonsynonymous,19,S T19A
21617,A,G,S,ACA,T,GCA,A,486,A-21617-G,nonsynonymous,19,S T19A
21618,C,T,S,ACA,T,ATA,I,297,C-21618-T,nonsynonymous,19,S T19I
21618,C,T,S,ACA,T,ATA,I,333,C-21618-T,nonsynonymous,19,S T19I
22016,T,C,S,TGG,W,CGG,R,388,T-22016-C,nonsynonymous,152,S W152R
22016,T,C,S,TGG,W,CGG,R,415,T-22016-C,nonsynonymous,152,S W152R
22016,T,C,S,TGG,W,CGG,R,417,T-22016-C,nonsynonymous,152,S W152R
22016,T,C,S,TGG,W,CGG,R,482,T-22016-C,nonsynonymous,152,S W152R
22016,T,C,S,TGG,W,CGG,R,486,T-22016-C,nonsynonymous,152,S W152R
22205,G,C,S,GAT,D,CAT,H,388,G-22205-C,nonsynonymous,215,S D215H
22205,G,C,S,GAT,D,CAT,H,415,G-22205-C,nonsynonymous,215,S D215H
22205,G,C,S,GAT,D,CAT,H,417,G-22205-C,nonsynonymous,215,S D215H
22205,G,C,S,GAT,D,CAT,H,482,G-22205-C,nonsynonymous,215,S D215H
22205,G,C,S,GAT,D,CAT,H,486,G-22205-C,nonsynonymous,215,S D215H
22249,G,T,S,TTG,L,TTT,F,388,G-22249-T,nonsynonymous,229,S L229F
22249,G,T,S,TTG,L,TTT,F,415,G-22249-T,nonsynonymous,229,S L229F
22249,G,T,S,TTG,L,TTT,F,417,G-22249-T,nonsynonymous,229,S L229F
22249,G,T,S,TTG,L,TTT,F,482,G-22249-T,nonsynonymous,229,S L229F
22249,G,T,S,TTG,L,TTT,F,486,G-22249-T,nonsynonymous,229,S L229F
23012,G,A,S,GAA,E,AAA,K,297,G-23012-A,nonsynonymous,484,S E484K
23012,G,A,S,GAA,E,AAA,K,333,G-23012-A,nonsynonymous,484,S E484K
23013,A,C,S,GAA,E,GCA,A,113,A-23013-C,nonsynonymous,484,S E484A
23013,A,C,S,GAA,E,GCA,A,124,A-23013-C,nonsynonymous,484,S E484A
23013,A,C,S,GAA,E,GCA,A,131,A-23013-C,nonsynonymous,484,S E484A
23013,A,C,S,GAA,E,GCA,A,159,A-23013-C,nonsynonymous,484,S E484A
23013,A,C,S,GAA,E,GCA,A,198,A-23013-C,nonsynonymous,484,S E484A
23013,A,C,S,GAA,E,GCA,A,297,A-23013-C,nonsynonymous,484,S E484A
23013,A,C,S,GAA,E,GCA,A,333,A-23013-C,nonsynonymous,484,S E484A
23013,A,C,S,GAA,E,GCA,A,388,A-23013-C,nonsynonymous,484,S E484A
23013,A,C,S,GAA,E,GCA,A,415,A-23013-C,nonsynonymous,484,S E484A
23013,A,C,S,GAA,E,GCA,A,417,A-23013-C,nonsynonymous,484,S E484A
23013,A,C,S,GAA,E,GCA,A,482,A-23013-C,nonsynonymous,484,S E484A
23013,A,C,S,GAA,E,GCA,A,486,A-23013-C,nonsynonymous,484,S E484A
23403,A,G,S,GAT,D,GGT,G,113,A-23403-G,nonsynonymous,614,S D614G
23403,A,G,S,GAT,D,GGT,G,124,A-23403-G,nonsynonymous,614,S D614G
23403,A,G,S,GAT,D,GGT,G,131,A-23403-G,nonsynonymous,614,S D614G
23403,A,G,S,GAT,D,GGT,G,159,A-23403-G,nonsynonymous,614,S D614G
23403,A,G,S,GAT,D,GGT,G,198,A-23403-G,nonsynonymous,614,S D614G
23403,A,G,S,GAT,D,GGT,G,297,A-23403-G,nonsynonymous,614,S D614G
23403,A,G,S,GAT,D,GGT,G,333,A-23403-G,nonsynonymous,614,S D614G
23403,A,G,S,GAT,D,GGT,G,388,A-23403-G,nonsynonymous,614,S D614G
23403,A,G,S,GAT,D,GGT,G,415,A-23403-G,nonsynonymous,614,S D614G
23403,A,G,S,GAT,D,GGT,G,417,A-23403-G,nonsynonymous,614,S D614G
23403,A,G,S,GAT,D,GGT,G,482,A-23403-G,nonsynonymous,614,S D614G
23403,A,G,S,GAT,D,GGT,G,486,A-23403-G,nonsynonymous,614,S D614G
23593,G,T,S,CAG,Q,CAT,H,113,G-23593-T,nonsynonymous,677,S Q677H
23593,G,T,S,CAG,Q,CAT,H,124,G-23593-T,nonsynonymous,677,S Q677H
23593,G,T,S,CAG,Q,CAT,H,131,G-23593-T,nonsynonymous,677,S Q677H
23593,G,T,S,CAG,Q,CAT,H,159,G-23593-T,nonsynonymous,677,S Q677H
23593,G,T,S,CAG,Q,CAT,H,198,G-23593-T,nonsynonymous,677,S Q677H
23593,G,T,S,CAG,Q,CAT,H,297,G-23593-T,nonsynonymous,677,S Q677H
23593,G,T,S,CAG,Q,CAT,H,333,G-23593-T,nonsynonymous,677,S Q677H
23593,G,T,S,CAG,Q,CAT,H,388,G-23593-T,nonsynonymous,677,S Q677H
23593,G,T,S,CAG,Q,CAT,H,415,G-23593-T,nonsynonymous,677,S Q677H
23593,G,T,S,CAG,Q,CAT,H,417,G-23593-T,nonsynonymous,677,S Q677H
23593,G,T,S,CAG,Q,CAT,H,482,G-23593-T,nonsynonymous,677,S Q677H
23593,G,T,S,CAG,Q,CAT,H,486,G-23593-T,nonsynonymous,677,S Q677H
24353,A,G,S,ATT,I,GTT,V,482,A-24353-G,nonsynonymous,931,S I931V
24353,A,G,S,ATT,I,GTT,V,486,A-24353-G,nonsynonymous,931,S I931V
24368,G,C,S,GAC,D,CAC,H,333,G-24368-C,nonsynonymous,936,S D936H
24368,G,C,S,GAC,D,CAC,H,415,G-24368-C,nonsynonymous,936,S D936H
24368,G,C,S,GAC,D,CAC,H,417,G-24368-C,nonsynonymous,936,S D936H
24368,G,C,S,GAC,D,CAC,H,482,G-24368-C,nonsynonymous,936,S D936H
24368,G,C,S,GAC,D,CAC,H,486,G-24368-C,nonsynonymous,936,S D936H
24912,C,T,S,ACA,T,ATA,I,388,C-24912-T,nonsynonymous,1117,S T1117I
24912,C,T,S,ACA,T,ATA,I,415,C-24912-T,nonsynonymous,1117,S T1117I
24912,C,T,S,ACA,T,ATA,I,417,C-24912-T,nonsynonymous,1117,S T1117I
24912,C,T,S,ACA,T,ATA,I,482,C-24912-T,nonsynonymous,1117,S T1117I
24912,C,T,S,ACA,T,ATA,I,486,C-24912-T,nonsynonymous,1117,S T1117I
25460,C,T,ORF3a,GCT,A,GTT,V,113,C-25460-T,nonsynonymous,23,ORF3a A23V
25460,C,T,ORF3a,GCT,A,GTT,V,124,C-25460-T,nonsynonymous,23,ORF3a A23V
25460,C,T,ORF3a,GCT,A,GTT,V,131,C-25460-T,nonsynonymous,23,ORF3a A23V
25460,C,T,ORF3a,GCT,A,GTT,V,159,C-25460-T,nonsynonymous,23,ORF3a A23V
25460,C,T,ORF3a,GCT,A,GTT,V,198,C-25460-T,nonsynonymous,23,ORF3a A23V
25460,C,T,ORF3a,GCT,A,GTT,V,297,C-25460-T,nonsynonymous,23,ORF3a A23V
25460,C,T,ORF3a,GCT,A,GTT,V,333,C-25460-T,nonsynonymous,23,ORF3a A23V
25460,C,T,ORF3a,GCT,A,GTT,V,388,C-25460-T,nonsynonymous,23,ORF3a A23V
25460,C,T,ORF3a,GCT,A,GTT,V,415,C-25460-T,nonsynonymous,23,ORF3a A23V
25460,C,T,ORF3a,GCT,A,GTT,V,417,C-25460-T,nonsynonymous,23,ORF3a A23V
25460,C,T,ORF3a,GCT,A,GTT,V,482,C-25460-T,nonsynonymous,23,ORF3a A23V
25460,C,T,ORF3a,GCT,A,GTT,V,486,C-25460-T,nonsynonymous,23,ORF3a A23V
25563,G,T,ORF3a,CAG,Q,CAT,H,113,G-25563-T,nonsynonymous,57,ORF3a Q57H
25563,G,T,ORF3a,CAG,Q,CAT,H,124,G-25563-T,nonsynonymous,57,ORF3a Q57H
25563,G,T,ORF3a,CAG,Q,CAT,H,131,G-25563-T,nonsynonymous,57,ORF3a Q57H
25563,G,T,ORF3a,CAG,Q,CAT,H,159,G-25563-T,nonsynonymous,57,ORF3a Q57H
25563,G,T,ORF3a,CAG,Q,CAT,H,198,G-25563-T,nonsynonymous,57,ORF3a Q57H
25563,G,T,ORF3a,CAG,Q,CAT,H,297,G-25563-T,nonsynonymous,57,ORF3a Q57H
25563,G,T,ORF3a,CAG,Q,CAT,H,333,G-25563-T,nonsynonymous,57,ORF3a Q57H
25563,G,T,ORF3a,CAG,Q,CAT,H,388,G-25563-T,nonsynonymous,57,ORF3a Q57H
25563,G,T,ORF3a,CAG,Q,CAT,H,415,G-25563-T,nonsynonymous,57,ORF3a Q57H
25563,G,T,ORF3a,CAG,Q,CAT,H,417,G-25563-T,nonsynonymous,57,ORF3a Q57H
25563,G,T,ORF3a,CAG,Q,CAT,H,482,G-25563-T,nonsynonymous,57,ORF3a Q57H
25563,G,T,ORF3a,CAG,Q,CAT,H,486,G-25563-T,nonsynonymous,57,ORF3a Q57H
25907,G,T,ORF3a,GGT,G,GTT,V,113,G-25907-T,nonsynonymous,172,ORF3a G172V
25907,G,T,ORF3a,GGT,G,GTT,V,124,G-25907-T,nonsynonymous,172,ORF3a G172V
25907,G,T,ORF3a,GGT,G,GTT,V,131,G-25907-T,nonsynonymous,172,ORF3a G172V
25907,G,T,ORF3a,GGT,G,GTT,V,159,G-25907-T,nonsynonymous,172,ORF3a G172V
25907,G,T,ORF3a,GGT,G,GTT,V,198,G-25907-T,nonsynonymous,172,ORF3a G172V
25907,G,T,ORF3a,GGT,G,GTT,V,297,G-25907-T,nonsynonymous,172,ORF3a G172V
25907,G,T,ORF3a,GGT,G,GTT,V,333,G-25907-T,nonsynonymous,172,ORF3a G172V
25907,G,T,ORF3a,GGT,G,GTT,V,388,G-25907-T,nonsynonymous,172,ORF3a G172V
25907,G,T,ORF3a,GGT,G,GTT,V,415,G-25907-T,nonsynonymous,172,ORF3a G172V
25907,G,T,ORF3a,GGT,G,GTT,V,417,G-25907-T,nonsynonymous,172,ORF3a G172V
25907,G,T,ORF3a,GGT,G,GTT,V,482,G-25907-T,nonsynonymous,172,ORF3a G172V
25907,G,T,ORF3a,GGT,G,GTT,V,486,G-25907-T,nonsynonymous,172,ORF3a G172V
26151,C,A,ORF3a,TCC,S,TCA,S,333,C-26151-A,synonymous,253,ORF3a S253S
26333,C,T,E,ACA,T,ATA,I,113,C-26333-T,nonsynonymous,30,E T30I
26333,C,T,E,ACA,T,ATA,I,124,C-26333-T,nonsynonymous,30,E T30I
26333,C,T,E,ACA,T,ATA,I,131,C-26333-T,nonsynonymous,30,E T30I
27513,C,T,ORF7a,TAC,Y,TAT,Y,198,C-27513-T,synonymous,40,ORF7a Y40Y
27513,C,T,ORF7a,TAC,Y,TAT,Y,333,C-27513-T,synonymous,40,ORF7a Y40Y
27552,A,G,ORF7a,AAA,K,AAG,K,333,A-27552-G,synonymous,53,ORF7a K53K
27807,C,T,,,,,,333,C-27807-T,noncoding,,
27964,C,T,ORF8,TCA,S,TTA,L,113,C-27964-T,nonsynonymous,24,ORF8 S24L
27964,C,T,ORF8,TCA,S,TTA,L,124,C-27964-T,nonsynonymous,24,ORF8 S24L
27964,C,T,ORF8,TCA,S,TTA,L,131,C-27964-T,nonsynonymous,24,ORF8 S24L
27964,C,T,ORF8,TCA,S,TTA,L,159,C-27964-T,nonsynonymous,24,ORF8 S24L
27964,C,T,ORF8,TCA,S,TTA,L,198,C-27964-T,nonsynonymous,24,ORF8 S24L
27964,C,T,ORF8,TCA,S,TTA,L,297,C-27964-T,nonsynonymous,24,ORF8 S24L
27964,C,T,ORF8,TCA,S,TTA,L,333,C-27964-T,nonsynonymous,24,ORF8 S24L
27964,C,T,ORF8,TCA,S,TTA,L,388,C-27964-T,nonsynonymous,24,ORF8 S24L
27964,C,T,ORF8,TCA,S,TTA,L,415,C-27964-T,nonsynonymous,24,ORF8 S24L
27964,C,T,ORF8,TCA,S,TTA,L,417,C-27964-T,nonsynonymous,24,ORF8 S24L
27964,C,T,ORF8,TCA,S,TTA,L,482,C-27964-T,nonsynonymous,24,ORF8 S24L
27964,C,T,ORF8,TCA,S,TTA,L,486,C-27964-T,nonsynonymous,24,ORF8 S24L
28271,A,T,,,,,,388,A-28271-T,noncoding,,
28271,A,T,,,,,,415,A-28271-T,noncoding,,
28271,A,T,,,,,,417,A-28271-T,noncoding,,
28271,A,T,,,,,,482,A-28271-T,noncoding,,
28271,A,T,,,,,,486,A-28271-T,noncoding,,
28472,C,T,N,CCT,P,TCT,S,113,C-28472-T,nonsynonymous,67,N P67S
28472,C,T,N,CCT,P,TCT,S,124,C-28472-T,nonsynonymous,67,N P67S
28472,C,T,N,CCT,P,TCT,S,131,C-28472-T,nonsynonymous,67,N P67S
28472,C,T,N,CCT,P,TCT,S,159,C-28472-T,nonsynonymous,67,N P67S
28472,C,T,N,CCT,P,TCT,S,198,C-28472-T,nonsynonymous,67,N P67S
28472,C,T,N,CCT,P,TCT,S,297,C-28472-T,nonsynonymous,67,N P67S
28472,C,T,N,CCT,P,TCT,S,333,C-28472-T,nonsynonymous,67,N P67S
28472,C,T,N,CCT,P,TCT,S,388,C-28472-T,nonsynonymous,67,N P67S
28472,C,T,N,CCT,P,TCT,S,415,C-28472-T,nonsynonymous,67,N P67S
28472,C,T,N,CCT,P,TCT,S,417,C-28472-T,nonsynonymous,67,N P67S
28472,C,T,N,CCT,P,TCT,S,482,C-28472-T,nonsynonymous,67,N P67S
28472,C,T,N,CCT,P,TCT,S,486,C-28472-T,nonsynonymous,67,N P67S
28486,C,T,N,GGC,G,GGT,G,333,C-28486-T,synonymous,71,N G71G
28565,G,A,N,GAC,D,AAC,N,297,G-28565-A,nonsynonymous,98,N D98N
28565,G,A,N,GAC,D,AAC,N,333,G-28565-A,nonsynonymous,98,N D98N
28869,C,T,N,CCA,P,CTA,L,113,C-28869-T,nonsynonymous,199,N P199L
28869,C,T,N,CCA,P,CTA,L,124,C-28869-T,nonsynonymous,199,N P199L
28869,C,T,N,CCA,P,CTA,L,131,C-28869-T,nonsynonymous,199,N P199L
28869,C,T,N,CCA,P,CTA,L,159,C-28869-T,nonsynonymous,199,N P199L
28869,C,T,N,CCA,P,CTA,L,198,C-28869-T,nonsynonymous,199,N P199L
28869,C,T,N,CCA,P,CTA,L,297,C-28869-T,nonsynonymous,199,N P199L
28869,C,T,N,CCA,P,CTA,L,333,C-28869-T,nonsynonymous,199,N P199L
28869,C,T,N,CCA,P,CTA,L,388,C-28869-T,nonsynonymous,199,N P199L
28869,C,T,N,CCA,P,CTA,L,415,C-28869-T,nonsynonymous,199,N P199L
28869,C,T,N,CCA,P,CTA,L,417,C-28869-T,nonsynonymous,199,N P199L
28869,C,T,N,CCA,P,CTA,L,482,C-28869-T,nonsynonymous,199,N P199L
28869,C,T,N,CCA,P,CTA,L,486,C-28869-T,nonsynonymous,199,N P199L
29402,G,T,N,GAT,D,TAT,Y,113,G-29402-T,nonsynonymous,377,N D377Y
29402,G,T,N,GAT,D,TAT,Y,124,G-29402-T,nonsynonymous,377,N D377Y
29402,G,T,N,GAT,D,TAT,Y,131,G-29402-T,nonsynonymous,377,N D377Y
29402,G,T,N,GAT,D,TAT,Y,159,G-29402-T,nonsynonymous,377,N D377Y
29402,G,T,N,GAT,D,TAT,Y,198,G-29402-T,nonsynonymous,377,N D377Y
29402,G,T,N,GAT,D,TAT,Y,297,G-29402-T,nonsynonymous,377,N D377Y
29402,G,T,N,GAT,D,TAT,Y,333,G-29402-T,nonsynonymous,377,N D377Y
29402,G,T,N,GAT,D,TAT,Y,388,G-29402-T,nonsynonymous,377,N D377Y
29402,G,T,N,GAT,D,TAT,Y,415,G-29402-T,nonsynonymous,377,N D377Y
29402,G,T,N,GAT,D,TAT,Y,417,G-29402-T,nonsynonymous,377,N D377Y
29402,G,T,N,GAT,D,TAT,Y,482,G-29402-T,nonsynonymous,377,N D377Y
29402,G,T,N,GAT,D,TAT,Y,486,G-29402-T,nonsynonymous,377,N D377Y
29421,C,T,N,CCG,P,CTG,L,297,C-29421-T,nonsynonymous,383,N P383L
29421,C,T,N,CCG,P,CTG,L,333,C-29421-T,nonsynonymous,383,N P383L
29446,T,C,N,ACT,T,ACC,T,333,T-29446-C,synonymous,391,N T391T
