POS,REF,ALT,GENE,REF_CODON,REF_AA,ALT_CODON,ALT_AA,FIRST_DAY_OF_DETECTION,REF_POS_ALT,EFFECT,CODON_NUMBER,GENE_CODON_AA
1059,C,T,orf1ab,ACC,T,ATC,I,113,C-1059-T,nonsynonymous,265,orf1ab T265I
1389,A,G,orf1ab,AAT,N,AGT,S,388,A-1389-G,nonsynonymous,375,orf1ab N375S
1636,G,A,orf1ab,GAG,E,GAA,E,415,G-1636-A,synonymous,457,orf1ab E457E
1942,G,T,orf1ab,GTG,V,GTT,V,113,G-1942-T,synonymous,559,orf1ab V559V
2890,G,T,orf1ab,GTG,V,GTT,V,297,G-2890-T,synonymous,875,orf1ab V875V
3037,C,T,orf1ab,TTC,F,TTT,F,113,C-3037-T,synonymous,924,orf1ab F924F
3431,G,T,orf1ab,GTG,V,TTG,L,333,G-3431-T,nonsynonymous,1056,orf1ab V1056L
4096,T,C,orf1ab,ACT,T,ACC,T,297,T-4096-C,synonymous,1277,orf1ab T1277T
4379,T,G,orf1ab,TCT,S,GCT,A,297,T-4379-G,nonsynonymous,1372,orf1ab S1372A
4855,A,G,orf1ab,AGA,R,AGG,R,333,A-4855-G,synonymous,1530,orf1ab R1530R
5391,A,G,orf1ab,AAC,N,AGC,S,113,A-5391-G,nonsynonymous,1709,orf1ab N1709S
5648,A,C,orf1ab,AAA,K,CAA,Q,388,A-5648-C,nonsynonymous,1795,orf1ab K1795Q
7264,T,C,orf1ab,CTT,L,CTC,L,388,T-7264-C,synonymous,2333,orf1ab L2333L
7317,T,C,orf1ab,TTC,F,TCC,S,297,T-7317-C,nonsynonymous,2351,orf1ab F2351S
8083,G,A,orf1ab,ATG,M,ATA,I,113,G-8083-A,nonsynonymous,2606,orf1ab M2606I
9085,A,G,orf1ab,GAA,E,GAG,E,113,A-9085-G,synonymous,2940,orf1ab E2940E
10319,C,T,orf1ab,CTT,L,TTT,F,113,C-10319-T,nonsynonymous,3352,orf1ab L3352F
11083,G,T,orf1ab,TTG,L,TTT,F,388,G-11083-T,nonsynonymous,3606,orf1ab L3606F
11084,T,C,orf1ab,TAT,Y,CAT,H,113,T-11084-C,nonsynonymous,3607,orf1ab Y3607H
12569,G,A,orf1ab,GTA,V,ATA,I,131,G-12569-A,nonsynonymous,4102,orf1ab V4102I
14408,C,T,orf1ab,CCT,P,CTT,L,113,C-14408-T,nonsynonymous,4715,orf1ab P4715L
14805,C,T,orf1ab,TAC,Y,TAT,Y,113,C-14805-T,synonymous,4847,orf1ab Y4847Y
15814,G,A,orf1ab,GTT,V,ATT,I,297,G-15814-A,nonsynonymous,5183,orf1ab V5183I
16376,C,T,orf1ab,CCG,P,CTG,L,388,C-16376-T,nonsynonymous,5371,orf1ab P5371L
16621,A,G,orf1ab,AGA,R,GGA,G,388,A-16621-G,nonsynonymous,5452,orf1ab R5452G
16917,G,T,orf1ab,CTG,L,CTT,L,297,G-16917-T,synonymous,5551,orf1ab L5551L
17940,A,T,orf1ab,GCA,A,GCT,A,297,A-17940-T,synonymous,5892,orf1ab A5892A
18032,C,A,orf1ab,ACT,T,AAT,N,333,C-18032-A,nonsynonymous,5923,orf1ab T5923N
18424,A,G,orf1ab,AAT,N,GAT,D,113,A-18424-G,nonsynonymous,6053,orf1ab N6053D
18555,C,T,orf1ab,GAC,D,GAT,D,297,C-18555-T,synonymous,6097,orf1ab D6097D
19610,C,T,orf1ab,ACA,T,ATA,I,297,C-19610-T,nonsynonymous,6449,orf1ab T6449I
19656,G,T,orf1ab,AAG,K,AAT,N,297,G-19656-T,nonsynonymous,6464,orf1ab K6464N
19983,C,T,orf1ab,GTC,V,GTT,V,333,C-19983-T,synonymous,6573,orf1ab V6573V
21013,C,T,orf1ab,CAT,H,TAT,Y,297,C-21013-T,nonsynonymous,6916,orf1ab H6916Y
21304,C,T,orf1ab,CGC,R,TGC,C,113,C-21304-T,nonsynonymous,7013,orf1ab R7013C
21617,A,G,S,ACA,T,GCA,A,388,A-21617-G,nonsynonymous,19,S T19A
21618,C,T,S,ACA,T,ATA,I,297,C-21618-T,nonsynonymous,19,S T19I
22016,T,C,S,TGG,W,CGG,R,388,T-22016-C,nonsynonymous,152,S W152R
22205,G,C,S,GAT,D,CAT,H,388,G-22205-C,nonsynonymous,215,S D215H
22249,G,T,S,TTG,L,TTT,F,388,G-22249-T,nonsynonymous,229,S L229F
23012,G,A,S,GAA,E,AAA,K,297,G-23012-A,nonsynonymous,484,S E484K
23013,A,C,S,GAA,E,GCA,A,113,A-23013-C,nonsynonymous,484,S E484A
23403,A,G,S,GAT,D,GGT,G,113,A-23403-G,nonsynonymous,614,S D614G
23593,G,T,S,CAG,Q,CAT,H,113,G-23593-T,nonsynonymous,677,S Q677H
24353,A,G,S,ATT,I,GTT,V,482,A-24353-G,nonsynonymous,931,S I931V
24368,G,C,S,GAC,D,CAC,H,333,G-24368-C,nonsynonymous,936,S D936H
24912,C,T,S,ACA,T,ATA,I,388,C-24912-T,nonsynonymous,1117,S T1117I
25460,C,T,ORF3a,GCT,A,GTT,V,113,C-25460-T,nonsynonymous,23,ORF3a A23V
25563,G,T,ORF3a,CAG,Q,CAT,H,113,G-25563-T,nonsynonymous,57,ORF3a Q57H
25907,G,T,ORF3a,GGT,G,GTT,V,113,G-25907-T,nonsynonymous,172,ORF3a G172V
26151,C,A,ORF3a,TCC,S,TCA,S,333,C-26151-A,synonymous,253,ORF3a S253S
26333,C,T,E,ACA,T,ATA,I,113,C-26333-T,nonsynonymous,30,E T30I
27513,C,T,ORF7a,TAC,Y,TAT,Y,198,C-27513-T,synonymous,40,ORF7a Y40Y
27552,A,G,ORF7a,AAA,K,AAG,K,333,A-27552-G,synonymous,53,ORF7a K53K
27964,C,T,ORF8,TCA,S,TTA,L,113,C-27964-T,nonsynonymous,24,ORF8 S24L
28472,C,T,N,CCT,P,TCT,S,113,C-28472-T,nonsynonymous,67,N P67S
28486,C,T,N,GGC,G,GGT,G,333,C-28486-T,synonymous,71,N G71G
28565,G,A,N,GAC,D,AAC,N,297,G-28565-A,nonsynonymous,98,N D98N
28869,C,T,N,CCA,P,CTA,L,113,C-28869-T,nonsynonymous,199,N P199L
29402,G,T,N,GAT,D,TAT,Y,113,G-29402-T,nonsynonymous,377,N D377Y
29421,C,T,N,CCG,P,CTG,L,297,C-29421-T,nonsynonymous,383,N P383L
29446,T,C,N,ACT,T,ACC,T,333,T-29446-C,synonymous,391,N T391T
